test,2017-10-09 22:23:55.686903,https://www.cs.vsu.ru/
test,2017-10-09 22:23:59.199214,https://www.cs.vsu.ru/category/mainnews/
test,2017-10-09 22:23:59.199255,https://www.cs.vsu.ru/category/advert/
test,2017-10-09 22:23:59.199266,https://www.cs.vsu.ru/category/articles/
test,2017-10-09 22:23:59.199275,https://www.cs.vsu.ru/category/media/
test,2017-10-09 22:23:59.199284,https://www.cs.vsu.ru/category/itnews/
test,2017-10-09 22:23:59.199291,http://www.cs.vsu.ru/feed/
test,2017-10-09 22:23:59.199299,http://www.cs.vsu.ru/piit
test,2017-10-09 22:23:59.199306,http://www.cs.vsu.ru/tozi
test,2017-10-09 22:23:59.199314,http://www.cs.vsu.ru/itu
test,2017-10-09 22:23:59.199322,http://www.cs.vsu.ru/ccvsu
test,2017-10-09 22:23:59.199329,https://www.cs.vsu.ru/itmarathon/
test,2017-10-09 22:23:59.199337,https://www.cs.vsu.ru/wp-admin/
test,2017-10-09 22:23:59.199344,https://www.cs.vsu.ru/
test,2017-10-09 22:23:59.199352,https://www.cs.vsu.ru/about-faculty/
test,2017-10-09 22:23:59.199360,https://www.cs.vsu.ru/for-entrants/
test,2017-10-09 22:23:59.199367,https://www.cs.vsu.ru/for-students/
test,2017-10-09 22:23:59.199376,https://www.cs.vsu.ru/contacts/
test,2017-10-09 22:23:59.199383,https://www.cs.vsu.ru/about-faculty/structure-of-faculty/deanery/
test,2017-10-09 22:23:59.199392,https://www.cs.vsu.ru/about-faculty/structure-of-faculty/departments/
test,2017-10-09 22:23:59.199401,https://www.cs.vsu.ru/about-faculty/fields-of-study/
test,2017-10-09 22:23:59.199409,https://www.cs.vsu.ru/about-faculty/structure-of-faculty/
test,2017-10-09 22:23:59.199417,https://www.cs.vsu.ru/about-faculty/napravleniya-nauchnyx-issledovanij/
test,2017-10-09 22:23:59.199426,http://www.cs.vsu.ru/live/
test,2017-10-09 22:23:59.199433,https://www.cs.vsu.ru/about-faculty/studencheskoe-tvorchestvo/
test,2017-10-09 22:23:59.199442,http://www.cs.vsu.ru/smart_start
test,2017-10-09 22:23:59.199450,http://www.cs.vsu.ru/itmarathon
test,2017-10-09 22:23:59.199458,https://www.cs.vsu.ru/category/mainnews/newsforabitur/
test,2017-10-09 22:23:59.199466,https://www.cs.vsu.ru/for-entrants/faq-for-entrants/
test,2017-10-09 22:23:59.199474,https://www.cs.vsu.ru/category/mainnews/newsforstud/
test,2017-10-09 22:23:59.199482,https://www.cs.vsu.ru/for-students/bazy-praktik/
test,2017-10-09 22:23:59.199490,https://www.cs.vsu.ru/for-students/dopolnitelnoe-obrazovanie/
test,2017-10-09 22:23:59.199499,http://www.cs.vsu.ru/aptc/
test,2017-10-09 22:23:59.199506,https://www.cs.vsu.ru/for-students/elektronnye-resursy-vgu/
test,2017-10-09 22:23:59.199514,https://www.cs.vsu.ru/for-students/faq-for-students/
test,2017-10-09 22:23:59.199522,https://www.cs.vsu.ru/2016/11/fkn-priglashaet-shkolnikov-na-marafon-informacionnyx-texnologij/
test,2017-10-09 22:23:59.199532,https://www.cs.vsu.ru/2015/04/fkn-pobedil-v-festivali-vesna/
test,2017-10-09 22:23:59.199540,https://www.cs.vsu.ru/2014/06/prazdnovanie-15-letnego-yubileya-fkn/
test,2017-10-09 22:23:59.199549,https://www.cs.vsu.ru/2017/10/den-otkrytyx-dverej-fkn-7/
test,2017-10-09 22:23:59.199557,https://www.cs.vsu.ru/2017/10/konferenciya-superkompyuternye-dni-v-rossii/
test,2017-10-09 22:23:59.199566,https://www.cs.vsu.ru/2017/09/uchebnyj-centr-atos-obyavlyaet-nabor-studentov/
test,2017-10-09 22:23:59.199575,https://www.cs.vsu.ru/2017/09/gdg-devfest-voronezh-2017/
test,2017-10-09 22:23:59.199583,https://www.cs.vsu.ru/2017/09/otborochnyj-etap-studencheskogo-chempionata-mira-po-programmirovaniyu/
test,2017-10-09 22:23:59.199592,https://www.cs.vsu.ru/2017/09/vyshlo-v-svet-uchebnoe-posobie-prepodavatelej-fkn-praktikum-po-parallelnomu-programmirovaniyu/
test,2017-10-09 22:23:59.199603,https://www.cs.vsu.ru/2017/08/o-nachale-uchebnogo-goda-2/
test,2017-10-09 22:23:59.199611,https://www.cs.vsu.ru/2015/07/sostoyalas-letnyaya-shkola-ot-kompanii-atos/
test,2017-10-09 22:23:59.199640,https://www.cs.vsu.ru/2015/04/ctudencheskij-chempionat-po-sportivnomu-programmirovaniyu/
test,2017-10-09 22:23:59.199655,https://www.cs.vsu.ru/2014/05/gigantskij-3d-printer-za-sutki-napechatal-desyat-domov-v-kitae/
test,2017-10-09 22:23:59.199665,https://www.cs.vsu.ru/2014/04/vozdushnye-drony-po-trebovaniyu/
test,2017-10-09 22:23:59.199673,https://www.cs.vsu.ru/2014/02/istoriya-vgu/
test,2017-10-09 22:23:59.199681,https://www.cs.vsu.ru/author/ruban0v/
test,2017-10-09 22:23:59.199689,https://www.cs.vsu.ru/tag/vgu/
test,2017-10-09 22:23:59.199697,https://www.cs.vsu.ru/tag/istoriya/
test,2017-10-09 22:23:59.199704,https://www.cs.vsu.ru/2017/06/3053/
test,2017-10-09 22:23:59.199712,https://www.cs.vsu.ru/2017/04/otkryt-priem-statej-v-sbornik-studencheskix-nauchnyx-rabot-fkn/
test,2017-10-09 22:23:59.199721,http://www.cs.vsu.ru/live
test,2017-10-09 22:23:59.199728,https://www.cs.vsu.ru/2013/09/posvyashhenie-v-studenty-2013/
test,2017-10-09 22:23:59.199737,https://www.cs.vsu.ru/2014/09/nam-15-let-fkn-segodnya/
test,2017-10-09 22:23:59.199745,https://www.cs.vsu.ru/aptc/
test,2017-10-09 22:23:59.356824,http://www.cs.vsu.ru/aptc/index0.html
test,2017-10-09 22:24:01.113233,https://www.cs.vsu.ru/category/mainnews/feed/
test,2017-10-09 22:24:01.113279,https://www.cs.vsu.ru/2017/05/3032/
test,2017-10-09 22:24:01.113290,https://www.cs.vsu.ru/2017/05/na-fkn-proshel-intellektualnyj-kross-sap-innojam/
test,2017-10-09 22:24:01.113299,https://www.cs.vsu.ru/2017/05/itogi-i-mezhregionalnoj-olimpiady-smart-start-i-viii-marafona-informacionnyx-texnologij/
test,2017-10-09 22:24:01.113310,https://www.cs.vsu.ru/2017/05/itogi-konkursa-proektov-marafona-informacionnyx-texnologij-fkn/
test,2017-10-09 22:24:02.998086,https://www.cs.vsu.ru/category/media/video/
test,2017-10-09 22:24:02.998170,https://www.cs.vsu.ru/2015/04/priem-statej-v-studencheskij-sbornik-nauchnyx-rabot/
test,2017-10-09 22:24:02.998199,https://www.cs.vsu.ru/2015/05/nagrazhdenie-shkolnikov-po-itogam-marafona-informacionnyx-texnologij-i-konferencii-nou-fkn/
test,2017-10-09 22:24:02.998228,https://www.cs.vsu.ru/2015/04/fkn-pobedil-v-festivali-vesna/?replytocom=21
test,2017-10-09 22:24:03.195786,https://www.cs.vsu.ru/author/krylovetsky/
test,2017-10-09 22:24:03.195869,https://www.cs.vsu.ru/2016/11/studenty-stroganovki-i-vgu-relizuyut-sovmestnyj-proekt/
test,2017-10-09 22:24:03.195900,https://www.cs.vsu.ru/2016/11/pozdravlyaem-nashix-rebyat-s-pobedoj-v-chetvertfinale-chempionata-mira-po-programmirovaniyu/
test,2017-10-09 22:24:03.420294,http://www.cs.vsu.ru/forums/forum/voprosy-abiturientov/
test,2017-10-09 22:24:03.436883,http://www.cs.vsu.ru/forums/forum/voprosy-studentov/
test,2017-10-09 22:24:03.450835,https://www.cs.vsu.ru/category/mainnews/newsforstud/feed/
test,2017-10-09 22:24:03.450869,https://www.cs.vsu.ru/2017/04/itogi-nauchnoj-sessii-fkn/
test,2017-10-09 22:24:03.450875,https://www.cs.vsu.ru/2017/04/uspeshnoe-vystuplenie-na-chempionate-po-sportivnomu-programmirovaniyu/
test,2017-10-09 22:24:03.450881,https://www.cs.vsu.ru/2017/04/priglashaem-studentov-na-welcome-day-v-atos/
test,2017-10-09 22:24:03.450886,https://www.cs.vsu.ru/2017/04/prodolzhaetsya-sotrudnichestvo-laboratorii-medicinskoj-kibernetiki-fkn-i-moskovskoj-akademii-im-stroganova/
test,2017-10-09 22:24:03.452694,http://www.cs.vsu.ru/live7
test,2017-10-09 22:24:03.452711,http://www.cs.vsu.ru/live16
test,2017-10-09 22:24:03.452717,http://www.cs.vsu.ru/live4
test,2017-10-09 22:24:03.452721,http://www.cs.vsu.ru/live1
test,2017-10-09 22:24:03.452726,http://www.cs.vsu.ru/live2
test,2017-10-09 22:24:03.452730,http://www.cs.vsu.ru/live3
test,2017-10-09 22:24:03.452735,http://www.cs.vsu.ru/live10
test,2017-10-09 22:24:03.452739,http://www.cs.vsu.ru/live6
test,2017-10-09 22:24:03.666614,http://www.cs.vsu.ru/for-students/dopolnitelnoe-obrazovanie/uchebnyj-centr-atos/
test,2017-10-09 22:24:03.666646,http://www.cs.vsu.ru/about-faculty/partnyory/obrazovatelnyj-centr-kompanii-autodesk/
test,2017-10-09 22:24:03.666658,http://www.cs.vsu.ru/2016/03/uchebnyj-centr-oao-infoteks-2/
test,2017-10-09 22:24:03.666666,http://www.cs.vsu.ru/sapua/
test,2017-10-09 22:24:03.666689,http://www.cs.vsu.ru/about-faculty/partnyory/sistema-menedzhmenta-kachestva/
test,2017-10-09 22:24:03.666701,http://www.cs.vsu.ru/about-faculty/partnyory/akademiya-microsoft-vgu-microsoft-it-academy/
test,2017-10-09 22:24:03.666766,http://www.cs.vsu.ru/for-students/dopolnitelnoe-obrazovanie/akademiya-microsoft-vgu-microsoft-it-academy/
test,2017-10-09 22:24:03.697117,http://www.cs.vsu.ru/aptc/index.html
test,2017-10-09 22:24:03.697152,http://www.cs.vsu.ru/aptc/about.html
test,2017-10-09 22:24:03.697161,http://www.cs.vsu.ru/aptc/service.html
test,2017-10-09 22:24:03.697169,http://www.cs.vsu.ru/aptc/staff.html
test,2017-10-09 22:24:03.697177,http://www.cs.vsu.ru/aptc/regulations.html
test,2017-10-09 22:24:03.697184,http://www.cs.vsu.ru/aptc/faq.html
test,2017-10-09 22:24:03.697191,http://www.cs.vsu.ru/aptc/contact.html
test,2017-10-09 22:24:03.697199,http://www.cs.vsu.ru/aptc/news.html
test,2017-10-09 22:24:03.697206,http://www.cs.vsu.ru/aptc/register-online.html
test,2017-10-09 22:24:03.697214,http://www.cs.vsu.ru/
test,2017-10-09 22:24:03.697221,http://www.cs.vsu.ru/msita
test,2017-10-09 22:24:04.802350,https://www.cs.vsu.ru/category/mainnews/newsforabitur/feed/
test,2017-10-09 22:24:04.802394,https://www.cs.vsu.ru/2017/04/fkn-priglashaet-na-den-otkrytyx-dverej/
test,2017-10-09 22:24:04.802408,https://www.cs.vsu.ru/2017/04/rezultaty-konferencii-nou-na-fkn/
test,2017-10-09 22:24:05.807710,https://www.cs.vsu.ru/category/itmarathon-news/
test,2017-10-09 22:24:06.173004,https://www.cs.vsu.ru/2016/11/konkurs-it-challenge-ot-kompanii-atos/
test,2017-10-09 22:24:06.625099,https://www.cs.vsu.ru/2016/11/registraciya-na-x-mezhdunarodnuyu-olimpiadu-it-planeta/
test,2017-10-09 22:24:06.856611,https://www.cs.vsu.ru/2017/06/3057/
test,2017-10-09 22:24:06.856641,https://www.cs.vsu.ru/category/actual_events/
test,2017-10-09 22:24:06.856651,https://www.cs.vsu.ru/author/krylovetsky/page/2/
test,2017-10-09 22:24:06.856657,https://www.cs.vsu.ru/author/krylovetsky/page/3/
test,2017-10-09 22:24:06.856662,https://www.cs.vsu.ru/author/krylovetsky/page/13/
test,2017-10-09 22:24:07.689138,https://www.cs.vsu.ru/2015/05/den-otkrytyx-dverej-atos-it-solutions/
test,2017-10-09 22:24:07.737236,http://www.cs.vsu.ru/category/mainnews/
test,2017-10-09 22:24:07.737281,http://www.cs.vsu.ru/category/advert/
test,2017-10-09 22:24:07.737296,http://www.cs.vsu.ru/category/articles/
test,2017-10-09 22:24:07.737308,http://www.cs.vsu.ru/category/media/
test,2017-10-09 22:24:07.737319,http://www.cs.vsu.ru/category/itnews/
test,2017-10-09 22:24:07.737332,http://www.cs.vsu.ru/itmarathon/
test,2017-10-09 22:24:07.737343,http://www.cs.vsu.ru/wp-admin/
test,2017-10-09 22:24:07.737356,http://www.cs.vsu.ru/about-faculty/
test,2017-10-09 22:24:07.737442,http://www.cs.vsu.ru/for-entrants/
test,2017-10-09 22:24:07.737463,http://www.cs.vsu.ru/for-students/
test,2017-10-09 22:24:07.737474,http://www.cs.vsu.ru/contacts/
test,2017-10-09 22:24:07.737484,http://www.cs.vsu.ru/about-faculty/structure-of-faculty/deanery/
test,2017-10-09 22:24:07.737496,http://www.cs.vsu.ru/about-faculty/structure-of-faculty/departments/
test,2017-10-09 22:24:07.737508,http://www.cs.vsu.ru/about-faculty/fields-of-study/
test,2017-10-09 22:24:07.737519,http://www.cs.vsu.ru/about-faculty/structure-of-faculty/
test,2017-10-09 22:24:07.737530,http://www.cs.vsu.ru/about-faculty/napravleniya-nauchnyx-issledovanij/
test,2017-10-09 22:24:07.737542,http://www.cs.vsu.ru/about-faculty/studencheskoe-tvorchestvo/
test,2017-10-09 22:24:07.737555,http://www.cs.vsu.ru/category/mainnews/newsforabitur/
test,2017-10-09 22:24:07.737566,http://www.cs.vsu.ru/for-entrants/faq-for-entrants/
test,2017-10-09 22:24:07.737577,http://www.cs.vsu.ru/category/mainnews/newsforstud/
test,2017-10-09 22:24:07.737587,http://www.cs.vsu.ru/for-students/bazy-praktik/
test,2017-10-09 22:24:07.737598,http://www.cs.vsu.ru/for-students/dopolnitelnoe-obrazovanie/
test,2017-10-09 22:24:07.737610,http://www.cs.vsu.ru/for-students/elektronnye-resursy-vgu/
test,2017-10-09 22:24:07.737621,http://www.cs.vsu.ru/for-students/faq-for-students/
test,2017-10-09 22:24:07.737632,http://www.cs.vsu.ru/category/itmarathon-news/
test,2017-10-09 22:24:07.737643,http://www.cs.vsu.ru/itmarathon/project-definition/
test,2017-10-09 22:24:07.737654,http://www.cs.vsu.ru/itmarathon/olimp/
test,2017-10-09 22:24:07.737665,http://www.cs.vsu.ru/itmarathon/komand/
test,2017-10-09 22:24:07.737675,http://www.cs.vsu.ru/itmarathon/the-team/
test,2017-10-09 22:24:07.737686,http://www.cs.vsu.ru/2017/05/itogi-i-mezhregionalnoj-olimpiady-smart-start-i-viii-marafona-informacionnyx-texnologij/
test,2017-10-09 22:24:07.737698,http://www.cs.vsu.ru/2017/05/itogi-konkursa-proektov-marafona-informacionnyx-texnologij-fkn/
test,2017-10-09 22:24:07.737711,http://www.cs.vsu.ru/2017/03/sostoyalis-komandnye-sorevnovaniya-marafona-informacionnyx-texnologij-fkn-2/
test,2017-10-09 22:24:07.737723,http://www.cs.vsu.ru/2017/03/prodolzhaetsya-priem-rabot-na-konkurs-kompyuternyx-proektov-marafona-it-fkn/
test,2017-10-09 22:24:07.737736,http://www.cs.vsu.ru/2017/02/sostoyalas-olimpiada-po-informatike-viii-marafona-informacionnyx-texnologij-fkn/
test,2017-10-09 22:24:07.737748,http://www.cs.vsu.ru/2017/01/den-otkrytyx-dverej-fkn-6/
test,2017-10-09 22:24:07.737760,http://www.cs.vsu.ru/2016/11/2573/
test,2017-10-09 22:24:07.737771,http://www.cs.vsu.ru/2016/05/den-otkrytyx-dverej-fkn-4/
test,2017-10-09 22:24:07.737782,http://www.cs.vsu.ru/2016/05/torzhestvennoe-podvedenie-itogov-i-nagrazhdenie-pobeditelej-i-prizerov-marafona-it-fkn-i-nou-fkn/
test,2017-10-09 22:24:07.737795,http://www.cs.vsu.ru/2016/04/nagrazhdenie-po-itogam-marafona-informacionnyx-texnologij-i-nou/
test,2017-10-09 22:24:07.906914,https://www.cs.vsu.ru/2017/04/na-fkn-oficialno-zapustili-novyj-superkompyuter/
test,2017-10-09 22:24:08.011235,http://www.cs.vsu.ru/aptc
test,2017-10-09 22:24:08.455426,http://www.cs.vsu.ru/rezultaty-ochnogo-tura-po-programmirovaniyu/
test,2017-10-09 22:24:08.455465,http://www.cs.vsu.ru/ejudge/cgi-bin/new-register?action=210&contest_id=9&locale_id=1
test,2017-10-09 22:24:08.455478,http://www.cs.vsu.ru/ejudge/cgi-bin/new-register?action=210&contest_id=8&locale_id=1
test,2017-10-09 22:24:08.455488,http://www.cs.vsu.ru/ejudge/cgi-bin/new-register?action=210&contest_id=7&locale_id=1
test,2017-10-09 22:24:10.200807,http://www.cs.vsu.ru/author/krylovetsky/
test,2017-10-09 22:24:10.200865,http://www.cs.vsu.ru/2016/03/sostoyalis-komandnye-sorevnovaniya-marafona-informacionnyx-texnologij-fkn/
test,2017-10-09 22:24:10.200879,http://www.cs.vsu.ru/2016/04/predvaritelnye-rezultaty-olimpiady-po-informatike/
test,2017-10-09 22:24:10.293879,https://www.cs.vsu.ru/2017/04/na-fkn-proxodit-konkurs-kompyuternyx-proektov-dlya-shkolnikov/
test,2017-10-09 22:24:10.954055,http://www.cs.vsu.ru/ejudge/cgi-bin/new-register?action=207&contest_id=7&locale_id=1
test,2017-10-09 22:24:10.954090,http://www.cs.vsu.ru/ejudge/cgi-bin/new-client?action=133&contest_id=7&locale_id=1
test,2017-10-09 22:24:10.969776,http://www.cs.vsu.ru/live3/stream/192.flv
test,2017-10-09 22:24:11.003378,http://www.cs.vsu.ru/2016/04/priglashaem-na-den-otkrytyx-dverej/
test,2017-10-09 22:24:11.003412,http://www.cs.vsu.ru/2016/05/otkryt-priem-statej-v-studencheskij-sbornik-nauchnyx-rabot-fkn/
test,2017-10-09 22:24:11.003425,http://www.cs.vsu.ru/2016/04/nagrazhdenie-po-itogam-marafona-informacionnyx-texnologij-i-nou/?replytocom=63
test,2017-10-09 22:24:11.003435,http://www.cs.vsu.ru/2016/04/nagrazhdenie-po-itogam-marafona-informacionnyx-texnologij-i-nou/?replytocom=64
test,2017-10-09 22:24:11.011120,http://www.cs.vsu.ru/ejudge/cgi-bin/new-register?action=207&contest_id=8&locale_id=1
test,2017-10-09 22:24:11.011147,http://www.cs.vsu.ru/ejudge/cgi-bin/new-client?action=133&contest_id=8&locale_id=1
test,2017-10-09 22:24:11.020905,http://www.cs.vsu.ru/ejudge/cgi-bin/new-register?action=207&contest_id=9&locale_id=1
test,2017-10-09 22:24:11.192533,http://www.cs.vsu.ru/2016/05/studencheskaya-nauchnaya-sessiya/
test,2017-10-09 22:24:11.192580,http://www.cs.vsu.ru/2016/05/den-fkn/
test,2017-10-09 22:24:11.426242,http://www.cs.vsu.ru/2016/05/otkrytaya-lekciya-na-temu-proektirovanie-vzaimodejstviya-s-polzovatelem-user-experience-pri-razrabotke-vstroennyx-sistem-v-yaponii/
test,2017-10-09 22:24:11.750002,http://www.cs.vsu.ru/2016/11/ostalos-tolko-tri-dnya-dlya-registracii-na-olimpiadu-it-planeta/
test,2017-10-09 22:24:11.821068,http://www.cs.vsu.ru/2016/11/konkurs-it-challenge-ot-kompanii-atos/
test,2017-10-09 22:24:12.411041,http://www.cs.vsu.ru/2017/02/xvii-mezhdunarodnaya-konferenciya-informatika-i-viii-shkola-konferenciya-informatika-v-obrazovanii/
test,2017-10-09 22:24:12.609149,http://www.cs.vsu.ru/2017/02/priglashaem-na-xakaton-posvyashhennyj-ispolzovaniyu-sovremennyx-texnologij-v-oblasti-mediciny/
test,2017-10-09 22:24:12.937990,http://www.cs.vsu.ru/2017/03/fkn-proshel-gosudarstvennuyu-akkreditaciyu-po-napravleniyu-informacionnaya-bezopasnost-i-specialnosti-kompyuternaya-bezopasnost/
test,2017-10-09 22:24:13.261031,http://www.cs.vsu.ru/2017/04/otkryt-priem-statej-v-sbornik-studencheskix-nauchnyx-rabot-fkn/
test,2017-10-09 22:24:13.731607,http://www.cs.vsu.ru/2017/05/na-fkn-proshel-intellektualnyj-kross-sap-innojam/
test,2017-10-09 22:24:14.783340,http://www.cs.vsu.ru/category/itmarathon-news/feed/
test,2017-10-09 22:24:14.783390,http://www.cs.vsu.ru/2016/04/rezultaty-konkursa-proektov-marafona-informacionnyx-texnologij-fkn/
test,2017-10-09 22:24:16.483699,http://www.cs.vsu.ru/category/mainnews/newsforstud/feed/
test,2017-10-09 22:24:16.483755,http://www.cs.vsu.ru/2017/10/den-otkrytyx-dverej-fkn-7/
test,2017-10-09 22:24:16.483774,http://www.cs.vsu.ru/2017/10/konferenciya-superkompyuternye-dni-v-rossii/
test,2017-10-09 22:24:16.483791,http://www.cs.vsu.ru/2017/09/uchebnyj-centr-atos-obyavlyaet-nabor-studentov/
test,2017-10-09 22:24:16.483807,http://www.cs.vsu.ru/2017/09/otborochnyj-etap-studencheskogo-chempionata-mira-po-programmirovaniyu/
test,2017-10-09 22:24:16.483825,http://www.cs.vsu.ru/2017/09/vyshlo-v-svet-uchebnoe-posobie-prepodavatelej-fkn-praktikum-po-parallelnomu-programmirovaniyu/
test,2017-10-09 22:24:16.483843,http://www.cs.vsu.ru/2017/05/3032/
test,2017-10-09 22:24:16.483866,http://www.cs.vsu.ru/2017/04/itogi-nauchnoj-sessii-fkn/
test,2017-10-09 22:24:16.483882,http://www.cs.vsu.ru/2017/04/uspeshnoe-vystuplenie-na-chempionate-po-sportivnomu-programmirovaniyu/
test,2017-10-09 22:24:16.483900,http://www.cs.vsu.ru/2017/04/priglashaem-studentov-na-welcome-day-v-atos/
test,2017-10-09 22:24:16.483916,http://www.cs.vsu.ru/2017/04/prodolzhaetsya-sotrudnichestvo-laboratorii-medicinskoj-kibernetiki-fkn-i-moskovskoj-akademii-im-stroganova/
test,2017-10-09 22:24:16.879985,http://www.cs.vsu.ru/category/mainnews/newsforabitur/feed/
test,2017-10-09 22:24:16.880040,http://www.cs.vsu.ru/2017/04/fkn-priglashaet-na-den-otkrytyx-dverej/
test,2017-10-09 22:24:16.880051,http://www.cs.vsu.ru/2017/04/rezultaty-konferencii-nou-na-fkn/
test,2017-10-09 22:24:17.391738,http://www.cs.vsu.ru/about-faculty/structure-of-faculty/deanery
test,2017-10-09 22:24:17.391765,http://www.cs.vsu.ru/about-faculty/scientific-council/
test,2017-10-09 22:24:17.391772,http://www.cs.vsu.ru/samc/
test,2017-10-09 22:24:17.391778,http://www.cs.vsu.ru/about-faculty/departments/
test,2017-10-09 22:24:17.391785,http://www.cs.vsu.ru/about-faculty/structure-of-faculty/departments/kafedra-informacionnyx-sistem/
test,2017-10-09 22:24:17.391791,http://www.cs.vsu.ru/about-faculty/structure-of-faculty/departments/department-of-piit/
test,2017-10-09 22:24:17.391797,http://www.cs.vsu.ru/about-faculty/structure-of-faculty/departments/department-of-ct/
test,2017-10-09 22:24:17.391804,http://www.cs.vsu.ru/about-faculty/structure-of-faculty/departments/department-toizi/
test,2017-10-09 22:24:17.391810,http://www.cs.vsu.ru/about-faculty/structure-of-faculty/departments/department-of-itu/
test,2017-10-09 22:24:18.335128,http://www.cs.vsu.ru/~sav/
test,2017-10-09 22:24:18.840542,http://www.cs.vsu.ru/for-students/timetable/
test,2017-10-09 22:24:19.028985,http://www.cs.vsu.ru/for-entrants/uchebnyj-process/
test,2017-10-09 22:24:19.321054,http://www.cs.vsu.ru/category/itnews/feed/
test,2017-10-09 22:24:19.321087,http://www.cs.vsu.ru/2015/07/sostoyalas-letnyaya-shkola-ot-kompanii-atos/
test,2017-10-09 22:24:19.321097,http://www.cs.vsu.ru/2015/04/ctudencheskij-chempionat-po-sportivnomu-programmirovaniyu/
test,2017-10-09 22:24:19.321106,http://www.cs.vsu.ru/2014/05/gigantskij-3d-printer-za-sutki-napechatal-desyat-domov-v-kitae/
test,2017-10-09 22:24:19.321115,http://www.cs.vsu.ru/2014/04/vozdushnye-drony-po-trebovaniyu/
test,2017-10-09 22:24:19.321123,http://www.cs.vsu.ru/2014/04/robot-atlas-nauchitsya-xodit-bez-privyazi/
test,2017-10-09 22:24:19.321131,http://www.cs.vsu.ru/2014/04/progress-v-razrabotke-modulnogo-telefona-ot-google/
test,2017-10-09 22:24:19.321139,http://www.cs.vsu.ru/2014/03/google-uskorila-webp/
test,2017-10-09 22:24:19.321147,http://www.cs.vsu.ru/2014/03/ces-2014-intel-predstavila-innovacionnyj-kompyuter-edison-razmerom-s-sd-kartu/
test,2017-10-09 22:24:19.321156,http://www.cs.vsu.ru/2014/03/cebit-2014-msi-predstavila-ultrabuk-s-3k-ekranom-i-novoj-grafikoj-nvidia/
test,2017-10-09 22:24:19.321164,http://www.cs.vsu.ru/2014/02/sk-telecom-gotovit-novyj-standart-svyazi-lte-a-s-udvoennoj-skorostyu-300mbsek/
test,2017-10-09 22:24:19.321173,http://www.cs.vsu.ru/2014/02/mobilnye-telefony-priznali-bezvrednymi-dlya-zdorovya/
test,2017-10-09 22:24:19.321181,http://www.cs.vsu.ru/2014/02/v-rossii-poyavitsya-novaya-valyuta/
test,2017-10-09 22:24:19.330853,http://www.cs.vsu.ru/live10/stream/192.flv
test,2017-10-09 22:24:19.395836,http://www.cs.vsu.ru/live2/stream/192.flv
test,2017-10-09 22:24:19.431063,http://www.cs.vsu.ru/live1/stream/192.flv
test,2017-10-09 22:24:19.469728,http://www.cs.vsu.ru/live16/stream/192.flv
test,2017-10-09 22:24:19.471152,http://www.cs.vsu.ru/live4/stream/192.flv
test,2017-10-09 22:24:19.472508,http://www.cs.vsu.ru/live7/stream/192.flv
test,2017-10-09 22:24:19.673618,http://www.cs.vsu.ru/category/media/feed/
test,2017-10-09 22:24:19.673648,http://www.cs.vsu.ru/2016/11/fkn-priglashaet-shkolnikov-na-marafon-informacionnyx-texnologij/
test,2017-10-09 22:24:19.673660,http://www.cs.vsu.ru/2015/04/fkn-pobedil-v-festivali-vesna/
test,2017-10-09 22:24:19.673668,http://www.cs.vsu.ru/2014/12/sostoyalas-iv-mezhvuzovskaya-konferenciya-sovremennye-informacionnye-texnologii-v-medicine-i-zdravooxranenii/
test,2017-10-09 22:24:19.673677,http://www.cs.vsu.ru/2014/12/vizit-na-fkn-rukovodstva-novolipeckogo-metallurgicheskogo-kombinata/
test,2017-10-09 22:24:19.673685,http://www.cs.vsu.ru/2014/10/sostoyalos-ocherednoe-zasedanie-uchenogo-soveta-fkn/
test,2017-10-09 22:24:19.673694,http://www.cs.vsu.ru/2014/09/nam-15-let-fkn-segodnya/
test,2017-10-09 22:24:19.673701,http://www.cs.vsu.ru/2014/09/konkurs-po-programmnomu-obespecheniyu-1s/
test,2017-10-09 22:24:19.673711,http://www.cs.vsu.ru/2014/08/1459/
test,2017-10-09 22:24:19.673718,http://www.cs.vsu.ru/2014/07/na-fkn-sostoyalos-vruchenie-diplomov-vypusknikam-magistram-i-proshel-vstupitelnyj-ekzamen-v-magistraturu/
test,2017-10-09 22:24:19.673727,http://www.cs.vsu.ru/2014/07/video-na-sajte-dekanata-fkn/
test,2017-10-09 22:24:19.673734,http://www.cs.vsu.ru/2014/06/prazdnovanie-15-letnego-yubileya-fkn/
test,2017-10-09 22:24:19.702036,http://www.cs.vsu.ru/category/articles/feed/
test,2017-10-09 22:24:19.702080,http://www.cs.vsu.ru/2014/02/istoriya-vgu/
test,2017-10-09 22:24:19.702091,http://www.cs.vsu.ru/author/ruban0v/
test,2017-10-09 22:24:19.702098,http://www.cs.vsu.ru/tag/vgu/
test,2017-10-09 22:24:19.702107,http://www.cs.vsu.ru/tag/istoriya/
test,2017-10-09 22:24:20.193010,http://www.cs.vsu.ru/category/advert/feed/
test,2017-10-09 22:24:20.193062,http://www.cs.vsu.ru/2017/08/o-nachale-uchebnogo-goda-2/
test,2017-10-09 22:24:20.193080,http://www.cs.vsu.ru/2017/06/3053/
test,2017-10-09 22:24:20.193125,http://www.cs.vsu.ru/2016/11/registraciya-na-x-mezhdunarodnuyu-olimpiadu-it-planeta/
test,2017-10-09 22:24:20.541586,http://www.cs.vsu.ru/category/mainnews/feed/
test,2017-10-09 22:24:20.541839,http://www.cs.vsu.ru/2017/09/gdg-devfest-voronezh-2017/
test,2017-10-09 22:24:21.762156,https://www.cs.vsu.ru/2015/04/otkrytaya-lekciya-internet-veshhej-chto-eto-znachit-dlya-menya/
test,2017-10-09 22:24:21.992278,https://www.cs.vsu.ru/category/media/video/feed/
test,2017-10-09 22:24:21.992325,https://www.cs.vsu.ru/2014/06/den-rozhdeniya-fkn-5-iyunya-2014-goda/
test,2017-10-09 22:24:21.992693,https://www.cs.vsu.ru/2014/02/den-otkrytyx-dverej-fknvgu-2014-9-fevralya/
test,2017-10-09 22:24:22.623410,https://www.cs.vsu.ru/2014/09/konkurs-po-programmnomu-obespecheniyu-1s/
test,2017-10-09 22:24:22.623449,https://www.cs.vsu.ru/2014/09/pozdravlyaem-studentov-i-aspirantov-fkn-stipendiatov-prezidenta-i-pravitelstva-rossijskoj-federacii/
test,2017-10-09 22:24:22.845381,https://www.cs.vsu.ru/category/media/gallery/
test,2017-10-09 22:24:22.845418,https://www.cs.vsu.ru/2013/04/google-chromebook-pixel-pk-oblachnoj-epoxi/
test,2017-10-09 22:24:22.845431,https://www.cs.vsu.ru/2013/09/dataart-qa-school-obyavlyaet-nabor/
test,2017-10-09 22:24:23.620998,http://www.cs.vsu.ru/stwork/
test,2017-10-09 22:24:24.149667,https://www.cs.vsu.ru/tag/fkn/
test,2017-10-09 22:24:24.540570,https://www.cs.vsu.ru/2015/09/elektronnye-resursy/
test,2017-10-09 22:24:24.540620,https://www.cs.vsu.ru/2014/05/zavershilsya-v-marafon-informacionnyx-texnologij-fkn/
test,2017-10-09 22:24:24.540638,https://www.cs.vsu.ru/2014/04/doklad-magistra/
test,2017-10-09 22:24:24.540651,https://www.cs.vsu.ru/2014/04/itogi-konferencii-nou-na-fkn/
test,2017-10-09 22:24:24.540666,https://www.cs.vsu.ru/2014/04/robot-atlas-nauchitsya-xodit-bez-privyazi/
test,2017-10-09 22:24:24.540680,https://www.cs.vsu.ru/2014/04/komanda-fkn-prizer-chempionata-po-sportivnomu-programmirovaniyu/
test,2017-10-09 22:24:24.540694,https://www.cs.vsu.ru/2014/04/progress-v-razrabotke-modulnogo-telefona-ot-google/
test,2017-10-09 22:24:24.540708,https://www.cs.vsu.ru/tag/google/
test,2017-10-09 22:24:24.540721,https://www.cs.vsu.ru/2014/03/monitoringovyj-vizit-po-proektu-tempus-icarus/
test,2017-10-09 22:24:24.540736,https://www.cs.vsu.ru/2014/03/google-uskorila-webp/
test,2017-10-09 22:24:24.540749,https://www.cs.vsu.ru/author/ruban0v/page/2/
test,2017-10-09 22:24:24.540762,https://www.cs.vsu.ru/author/ruban0v/page/3/
test,2017-10-09 22:24:24.540774,https://www.cs.vsu.ru/author/ruban0v/page/4/
test,2017-10-09 22:24:24.783494,https://www.cs.vsu.ru/2014/02/master-klass-ispolzovanie-planshetnyx-texnologij-v-obrazovatelnom-processe/
test,2017-10-09 22:24:25.680003,https://www.cs.vsu.ru/2015/03/den-otkrytyx-dverej-fkn-2/
test,2017-10-09 22:24:25.826929,https://www.cs.vsu.ru/2015/07/vruchenie-diplomov-3/
test,2017-10-09 22:24:25.826968,https://www.cs.vsu.ru/2015/07/ekzameny-v-magistraturu-2/
test,2017-10-09 22:24:25.840408,http://www.cs.vsu.ru/stwork/index.html
test,2017-10-09 22:24:25.840439,http://www.cs.vsu.ru/stwork/news.html
test,2017-10-09 22:24:25.840448,http://www.cs.vsu.ru/stwork/paper.html
test,2017-10-09 22:24:25.840455,http://www.cs.vsu.ru/stwork/download.html
test,2017-10-09 22:24:25.840463,http://www.cs.vsu.ru/stwork/contact.html
test,2017-10-09 22:24:25.840470,http://www.cs.vsu.ru/stwork/imsitemap.html
test,2017-10-09 22:24:26.675639,https://www.cs.vsu.ru/2014/09/obyavlyaetsya-nabor-v-uchebnyj-centr-kompanii-atos/
test,2017-10-09 22:24:27.838525,https://www.cs.vsu.ru/tag/dataart/
test,2017-10-09 22:24:27.838594,https://www.cs.vsu.ru/2013/10/vyshel-iz-pechati-ocherednoj-nomer-gazety-voronezhskij-universitet/
test,2017-10-09 22:24:27.892462,https://www.cs.vsu.ru/2013/03/trebuyutsya-programmisty-v-ooo-enfors/
test,2017-10-09 22:24:27.963800,https://www.cs.vsu.ru/category/media/gallery/feed/
test,2017-10-09 22:24:28.690219,https://www.cs.vsu.ru/2013/03/sumka-s-muzykoj/
test,2017-10-09 22:24:28.690272,https://www.cs.vsu.ru/tag/sony/
test,2017-10-09 22:24:28.690299,https://www.cs.vsu.ru/author/ruban0v/page/1/
test,2017-10-09 22:24:28.965844,https://www.cs.vsu.ru/2014/01/data-art-priglashaet-na-it-talk/
test,2017-10-09 22:24:29.109165,https://www.cs.vsu.ru/2013/12/konferenciya-sovremennye-info/
test,2017-10-09 22:24:29.109222,https://www.cs.vsu.ru/2013/12/konferenciya-vremya-innovacij/
test,2017-10-09 22:24:29.109241,https://www.cs.vsu.ru/2013/12/centr-prometric-na-fkn-pobeditel-konkursa-microsoft/
test,2017-10-09 22:24:29.109258,https://www.cs.vsu.ru/2013/12/videokonferenciya-fkn-vgma/
test,2017-10-09 22:24:29.109275,https://www.cs.vsu.ru/2013/12/pobeda-v-konkurse-innovacionnyx-proektov-u-m-n-i-k/
test,2017-10-09 22:24:29.109291,https://www.cs.vsu.ru/2013/12/internet-sorevnovaniya-posvyashhennye-95-letiyu-vgu/
test,2017-10-09 22:24:29.109314,https://www.cs.vsu.ru/tag/algazinov/
test,2017-10-09 22:24:29.252971,https://www.cs.vsu.ru/2014/03/vizit-zamestitelya-gubernatora-voronezhskoj-oblasti-v-vgu/
test,2017-10-09 22:24:29.253017,https://www.cs.vsu.ru/2014/03/ces-2014-intel-predstavila-innovacionnyj-kompyuter-edison-razmerom-s-sd-kartu/
test,2017-10-09 22:24:29.253034,https://www.cs.vsu.ru/tag/intel/
test,2017-10-09 22:24:29.253048,https://www.cs.vsu.ru/2014/03/cebit-2014-msi-predstavila-ultrabuk-s-3k-ekranom-i-novoj-grafikoj-nvidia/
test,2017-10-09 22:24:29.253063,https://www.cs.vsu.ru/tag/msi/
test,2017-10-09 22:24:29.253075,https://www.cs.vsu.ru/2014/03/studenty-fkn-osushhestvlyali-it-podderzhku-olimpijskix-igr-v-sochi/
test,2017-10-09 22:24:29.253090,https://www.cs.vsu.ru/2014/03/dataart-priglashaet/
test,2017-10-09 22:24:29.253108,https://www.cs.vsu.ru/2014/02/novyj-nabor-v-nauchnuyu-rotu/
test,2017-10-09 22:24:29.253121,https://www.cs.vsu.ru/2014/02/studenty-fkn-pobediteli-konkursa-na-znanie-russkogo-yazyka/
test,2017-10-09 22:24:29.253135,https://www.cs.vsu.ru/2014/02/videokonferenciya-po-proektu-tempus-icarus/
test,2017-10-09 22:24:29.253148,https://www.cs.vsu.ru/2014/02/sk-telecom-gotovit-novyj-standart-svyazi-lte-a-s-udvoennoj-skorostyu-300mbsek/
test,2017-10-09 22:24:29.253182,https://www.cs.vsu.ru/tag/lte-a/
test,2017-10-09 22:24:29.253201,https://www.cs.vsu.ru/tag/samsung/
test,2017-10-09 22:24:29.253214,https://www.cs.vsu.ru/2014/02/mobilnye-telefony-priznali-bezvrednymi-dlya-zdorovya/
test,2017-10-09 22:24:29.253228,https://www.cs.vsu.ru/2014/02/v-rossii-poyavitsya-novaya-valyuta/
test,2017-10-09 22:24:30.176338,https://www.cs.vsu.ru/2015/08/o-nachale-uchebnogo-goda/
test,2017-10-09 22:24:30.210345,https://www.cs.vsu.ru/2015/03/cebit-2015/
test,2017-10-09 22:24:30.896108,https://www.cs.vsu.ru/2015/06/lgoty-dlya-pobeditelej-i-prizerov-olimpiad-pri-postuplenii-na-fkn-utochnenie/
test,2017-10-09 22:24:32.484300,https://www.cs.vsu.ru/2014/05/den-otkrytyx-dverej-magistratury-fkn/
test,2017-10-09 22:24:32.930148,https://www.cs.vsu.ru/2015/09/sajt-fkn-finalist-konkursa-korporativnyx-sajtov-foruma-rif-voronezh/
test,2017-10-09 22:24:32.930188,https://www.cs.vsu.ru/2015/10/den-otkrytyx-dverej-fkn-3/
test,2017-10-09 22:24:33.213623,https://www.cs.vsu.ru/2014/08/1459/
test,2017-10-09 22:24:34.278953,https://www.cs.vsu.ru/2014/06/student-i-aspirant-fkn-pobediteli-konkursa-innovacionnyx-proektov-vgu/
test,2017-10-09 22:24:34.279018,https://www.cs.vsu.ru/2014/06/vakansiya-sap/
test,2017-10-09 22:24:35.291934,https://www.cs.vsu.ru/for-entrants/uchebnyj-process/
test,2017-10-09 22:24:36.307182,https://www.cs.vsu.ru/about-faculty/scientific-council/
test,2017-10-09 22:24:36.453605,https://www.cs.vsu.ru/itmarathon/project-definition/
test,2017-10-09 22:24:36.453634,https://www.cs.vsu.ru/itmarathon/olimp/
test,2017-10-09 22:24:36.453643,https://www.cs.vsu.ru/itmarathon/komand/
test,2017-10-09 22:24:36.453651,https://www.cs.vsu.ru/itmarathon/the-team/
test,2017-10-09 22:24:36.453660,https://www.cs.vsu.ru/2017/03/sostoyalis-komandnye-sorevnovaniya-marafona-informacionnyx-texnologij-fkn-2/
test,2017-10-09 22:24:36.453669,https://www.cs.vsu.ru/2017/03/prodolzhaetsya-priem-rabot-na-konkurs-kompyuternyx-proektov-marafona-it-fkn/
test,2017-10-09 22:24:36.453677,https://www.cs.vsu.ru/2017/02/sostoyalas-olimpiada-po-informatike-viii-marafona-informacionnyx-texnologij-fkn/
test,2017-10-09 22:24:36.453686,https://www.cs.vsu.ru/2017/01/den-otkrytyx-dverej-fkn-6/
test,2017-10-09 22:24:36.453694,https://www.cs.vsu.ru/2016/11/2573/
test,2017-10-09 22:24:36.453702,https://www.cs.vsu.ru/2016/05/den-otkrytyx-dverej-fkn-4/
test,2017-10-09 22:24:36.453709,https://www.cs.vsu.ru/2016/05/torzhestvennoe-podvedenie-itogov-i-nagrazhdenie-pobeditelej-i-prizerov-marafona-it-fkn-i-nou-fkn/
test,2017-10-09 22:24:36.453718,https://www.cs.vsu.ru/2016/04/nagrazhdenie-po-itogam-marafona-informacionnyx-texnologij-i-nou/
test,2017-10-09 22:24:37.550546,https://www.cs.vsu.ru/category/media/feed/
test,2017-10-09 22:24:37.550588,https://www.cs.vsu.ru/2014/12/sostoyalas-iv-mezhvuzovskaya-konferenciya-sovremennye-informacionnye-texnologii-v-medicine-i-zdravooxranenii/
test,2017-10-09 22:24:37.550629,https://www.cs.vsu.ru/2014/12/vizit-na-fkn-rukovodstva-novolipeckogo-metallurgicheskogo-kombinata/
test,2017-10-09 22:24:37.550648,https://www.cs.vsu.ru/2014/10/sostoyalos-ocherednoe-zasedanie-uchenogo-soveta-fkn/
test,2017-10-09 22:24:37.550672,https://www.cs.vsu.ru/2014/07/na-fkn-sostoyalos-vruchenie-diplomov-vypusknikam-magistram-i-proshel-vstupitelnyj-ekzamen-v-magistraturu/
test,2017-10-09 22:24:37.550688,https://www.cs.vsu.ru/2014/07/video-na-sajte-dekanata-fkn/
test,2017-10-09 22:24:37.563567,https://www.cs.vsu.ru/author/illarionov/
test,2017-10-09 22:24:37.563599,https://www.cs.vsu.ru/2014/06/dopolnitelnyj-nabor-na-voennuyu-kafedru/
test,2017-10-09 22:24:37.563612,https://www.cs.vsu.ru/2014/06/vakansiya-sap/?replytocom=32
test,2017-10-09 22:24:37.582857,https://www.cs.vsu.ru/category/itnews/feed/
test,2017-10-09 22:24:37.755785,https://www.cs.vsu.ru/wp-login.php?action=lostpassword
test,2017-10-09 22:24:38.354694,https://www.cs.vsu.ru/category/advert/feed/
test,2017-10-09 22:24:38.354785,https://www.cs.vsu.ru/2017/02/priglashaem-na-xakaton-posvyashhennyj-ispolzovaniyu-sovremennyx-texnologij-v-oblasti-mediciny/
test,2017-10-09 22:24:38.354796,https://www.cs.vsu.ru/2017/02/xvii-mezhdunarodnaya-konferenciya-informatika-i-viii-shkola-konferenciya-informatika-v-obrazovanii/
test,2017-10-09 22:24:38.354809,https://www.cs.vsu.ru/2016/11/ostalos-tolko-tri-dnya-dlya-registracii-na-olimpiadu-it-planeta/
test,2017-10-09 22:24:38.364777,https://www.cs.vsu.ru/category/articles/feed/
test,2017-10-09 22:24:38.391872,http://www.cs.vsu.ru/piit/
test,2017-10-09 22:24:38.482663,http://www.cs.vsu.ru/for-entrants/uchebnyj-process/specializacii/
test,2017-10-09 22:24:38.482696,http://www.cs.vsu.ru/for-entrants/uchebnyj-process/aspirantura/
test,2017-10-09 22:24:38.482706,http://www.cs.vsu.ru/for-entrants/uchebnyj-process/ballno-rejtingovaya-sistema-kontrolya-znanij-brskz/
test,2017-10-09 22:24:39.660556,https://www.cs.vsu.ru/2016/05/den-fkn/
test,2017-10-09 22:24:39.660618,https://www.cs.vsu.ru/2016/05/otkrytaya-lekciya-na-temu-proektirovanie-vzaimodejstviya-s-polzovatelem-user-experience-pri-razrabotke-vstroennyx-sistem-v-yaponii/
test,2017-10-09 22:24:40.300070,http://www.cs.vsu.ru/tozi/
test,2017-10-09 22:24:40.363345,https://www.cs.vsu.ru/2016/05/studencheskaya-nauchnaya-sessiya/
test,2017-10-09 22:24:40.433154,https://www.cs.vsu.ru/2016/04/priglashaem-na-den-otkrytyx-dverej/
test,2017-10-09 22:24:40.433192,https://www.cs.vsu.ru/2016/05/otkryt-priem-statej-v-studencheskij-sbornik-nauchnyx-rabot-fkn/
test,2017-10-09 22:24:40.433206,https://www.cs.vsu.ru/2016/04/nagrazhdenie-po-itogam-marafona-informacionnyx-texnologij-i-nou/?replytocom=63
test,2017-10-09 22:24:40.433215,https://www.cs.vsu.ru/2016/04/nagrazhdenie-po-itogam-marafona-informacionnyx-texnologij-i-nou/?replytocom=64
test,2017-10-09 22:24:41.366247,https://www.cs.vsu.ru/wp-login.php
test,2017-10-09 22:24:41.407886,http://www.cs.vsu.ru/conf/
test,2017-10-09 22:24:42.580604,https://www.cs.vsu.ru/2014/07/ekzameny-v-magistraturu/
test,2017-10-09 22:24:42.580658,https://www.cs.vsu.ru/2014/08/zavershilas-priemnaya-kampaniya-2014/
test,2017-10-09 22:24:42.971882,https://www.cs.vsu.ru/2014/06/vstrechi-dekana-fkn-s-abiturientami/
test,2017-10-09 22:24:42.971984,https://www.cs.vsu.ru/2014/07/kompanii-stk-srochno-nuzhen-sotrudnik/
test,2017-10-09 22:24:44.107528,https://www.cs.vsu.ru/2014/10/prezentaciya-novyx-obrazovatelnyx-programm/
test,2017-10-09 22:24:44.107590,https://www.cs.vsu.ru/2014/10/it-klaster-voronezhskoj-oblasti-obyavlyaet-o-provedenii-pervogo-regionalnogo-konkursa-it-startapov-next-level/
test,2017-10-09 22:24:44.830796,https://www.cs.vsu.ru/2014/10/komanda-studentov-fkn-stala-prizerom-chetvertfinala-chempionata-mira-po-programmirovaniyu/
test,2017-10-09 22:24:44.830912,https://www.cs.vsu.ru/2014/12/na-fkn-prodolzhayutsya-aktivnye-issledovaniya-v-oblasti-medicinskoj-informatiki/
test,2017-10-09 22:24:45.002739,https://www.cs.vsu.ru/2014/12/docent-kaf-toizi-fkn-m-a-dryuchenko-pobeditel-konkursa-po-programme-start-fonda-bortnika/
test,2017-10-09 22:24:45.002770,https://www.cs.vsu.ru/2015/01/cluzhba-po-kontraktu-na-oficerskix-dolzhnostyax/
test,2017-10-09 22:24:45.061300,https://www.cs.vsu.ru/2017/03/fkn-proshel-gosudarstvennuyu-akkreditaciyu-po-napravleniyu-informacionnaya-bezopasnost-i-specialnosti-kompyuternaya-bezopasnost/
